# The option matrix's skip list (VARKA-248 step 2; see VarkaMatrix and dev/varka_matrix.sh).
# Tab separated: configuration, suite (simple name), test name, kind (fails or declines), reason.
# A listed test that stops failing, or a declines test that fuses again, fails as a stale line.
guardDayProducers=false	VarkaEmitterChronoSuite	a column-offset producer under a calendar node declines the batch whose result leaves the range - in a loop lane, in an epilogue lane, and not under a null	fails	the test's subject is the day-producer guard, which this configuration turns off
guardDayProducers=false	VarkaEmitterChronoSuite	a guard whose node's uses do not agree on one arm stays unqualified	fails	the test's subject is the day-producer guard, which this configuration turns off
guardDayProducers=false	VarkaEmitterChronoSuite	a guarded producer under a CASE arm no longer condemns from the untaken arm	fails	the test's subject is the day-producer guard, which this configuration turns off
guardDayProducers=false	VarkaEmitterChronoSuite	an unknown condition sends its lane to ELSE, and the guard there still fires	fails	the test's subject is the day-producer guard, which this configuration turns off
guardDayProducers=false	VarkaEmitterChronoSuite	in-range column offsets under calendar nodes match the reference evaluator under both settings, and CSE off repeats the guard without breaking it	fails	the test's subject is the day-producer guard, which this configuration turns off
guardDayProducers=false	VarkaEmitterChronoSuite	the guard is emitted only where a calendar node reads a column-offset producer, and adds bytes nowhere else	fails	the test's subject is the day-producer guard, which this configuration turns off
guardDayProducers=false	VarkaEmitterValiditySuite	the word-liveness invariant is armed, in both directions	fails	the test's subject is the day-producer guard, which this configuration turns off
checkIntOverflow=false	VarkaEmitterArithmeticSuite	WRAP and NULL arithmetic match the reference over the extremes, and FAIL matches wherever it does not have to decline	fails	the overflow check is off by design, so an overflowing lane computes the wrapped value instead of raising or nulling
checkIntOverflow=false	VarkaEmitterArithmeticSuite	a FAIL lane that overflows condemns the batch - in a loop lane, in an epilogue lane, not under a null, and not with the check off	fails	the overflow check is off by design, so an overflowing lane computes the wrapped value instead of raising or nulling
checkIntOverflow=false	VarkaEmitterArithmeticSuite	abs is a blend whose negation arm alone condemns, at Int.MinValue	fails	the overflow check is off by design, so an overflowing lane computes the wrapped value instead of raising or nulling
checkIntOverflow=false	VarkaEmitterArithmeticSuite	the check costs bytes only where it is emitted, and none with it off	fails	the overflow check is off by design, so an overflowing lane computes the wrapped value instead of raising or nulling
checkIntOverflow=false	VarkaEmitterLongLaneSuite	long WRAP and NULL arithmetic match the reference over the extremes, and long FAIL matches wherever it does not have to decline	fails	the overflow check is off by design, so an overflowing lane computes the wrapped value instead of raising or nulling
checkIntOverflow=false	VarkaEmitterLongLaneSuite	a long FAIL lane that overflows condemns the batch - in a loop lane, in an epilogue lane, not under a null, and not with the check off	fails	the overflow check is off by design, so an overflowing lane computes the wrapped value instead of raising or nulling
checkIntOverflow=false	VarkaDifferentialSuite	a guard under a CASE arm condemns from the taken arm only	fails	the overflow check is off by design, so an overflowing lane computes the wrapped value instead of raising or nulling
checkIntOverflow=false	VarkaDifferentialSuite	an overflowing interval add raises the row engine's own error in both modes	fails	the overflow check is off by design, so an overflowing lane computes the wrapped value instead of raising or nulling
checkIntOverflow=false	VarkaDifferentialSuite	under ANSI an overflowing row raises the row engine's own error	fails	the overflow check is off by design, so an overflowing lane computes the wrapped value instead of raising or nulling
checkIntOverflow=false	VarkaDifferentialSuite	the shapes whose bound was a fiction raise the row engine's error, not an answer	fails	the overflow check is off by design, so an overflowing lane computes the wrapped value instead of raising or nulling
checkIntOverflow=false	VarkaDifferentialSuite	try_add gives NULL for the row that would have raised, and the batch runs on	fails	the overflow check is off by design, so an overflowing lane computes the wrapped value instead of raising or nulling
guardDayProducers=false	VarkaDifferentialSuite	a guard under a CASE arm condemns from the taken arm only	fails	the test's subject is the day-producer guard, which this configuration turns off
guardDayProducers=false	VarkaDifferentialSuite	a column-offset date_add under a calendar node declines the batch that leaves the range, and the row engine answers it	fails	the test's subject is the day-producer guard, which this configuration turns off
guardDayProducers=false	VarkaDifferentialSuite	the producer guard reaches a filter predicate through the same route	fails	the test's subject is the day-producer guard, which this configuration turns off
guardUnderArm=false	VarkaDifferentialSuite	a guard under a CASE arm condemns from the taken arm only	fails	the test's subject is the guard under a CASE arm; off, the guard condemns from the untaken arm too, as the reference form does
guardUnderArm=false	VarkaEmitterChronoSuite	a guarded producer under a CASE arm no longer condemns from the untaken arm	fails	the test's subject is the guard under a CASE arm; off, the guard condemns from the untaken arm too, as the reference form does
guardUnderArm=false	VarkaTimeArithmeticSuite	a guard under a CASE arm fires only for the lanes the arm is taken for	fails	the test's subject is the guard under a CASE arm; off, the guard condemns from the untaken arm too, as the reference form does
methodByteBudget=0	VarkaExpressionCompilerSuite	admission loads no class: a projection that bisects leaves none defined, and the kept kernel's first lookup defines it without building it again (VARKA-237)	fails	needs the byte budget; with it off the emitter caps a kernel at 64 distinct ops and emits the single-method form, which this test's shape or method names do not fit
methodByteBudget=0	VarkaEmitCostSuite	under predictGrouping the shapes it regroups answer as the reference evaluator does	fails	needs the byte budget; with it off the emitter caps a kernel at 64 distinct ops and emits the single-method form, which this test's shape or method names do not fit
methodByteBudget=0	VarkaEmitterArithmeticSuite	the check costs bytes only where it is emitted, and none with it off	fails	needs the byte budget; with it off the emitter caps a kernel at 64 distinct ops and emits the single-method form, which this test's shape or method names do not fit
methodByteBudget=0	VarkaEmitterArithmeticSuite	a TRY node forfeits the dense body, and a checked one does not	fails	needs the byte budget; with it off the emitter caps a kernel at 64 distinct ops and emits the single-method form, which this test's shape or method names do not fit
methodByteBudget=0	VarkaEmitterBudgetSuite	fitsBudgets mirrors the analysis caps, distinct ops across outputs	fails	needs the byte budget; with it off the emitter caps a kernel at 64 distinct ops and emits the single-method form, which this test's shape or method names do not fit
methodByteBudget=0	VarkaEmitterBudgetSuite	a hundred four-op outputs fuse in one kernel under the byte budget, every method fits, and the answers hold (VARKA-190)	fails	needs the byte budget; with it off the emitter caps a kernel at 64 distinct ops and emits the single-method form, which this test's shape or method names do not fit
methodByteBudget=0	VarkaEmitterBudgetSuite	on the long lane a wide group over the call-site budget is split too, and answers the same (VARKA-209)	fails	needs the byte budget; with it off the emitter caps a kernel at 64 distinct ops and emits the single-method form, which this test's shape or method names do not fit
methodByteBudget=0	VarkaEmitterChronoSuite	a shape with no guarded node under an arm is byte-identical either way	fails	needs the byte budget; with it off the emitter caps a kernel at 64 distinct ops and emits the single-method form, which this test's shape or method names do not fit
methodByteBudget=0	VarkaEmitterChronoSuite	the guard is emitted only where a calendar node reads a column-offset producer, and adds bytes nowhere else	fails	needs the byte budget; with it off the emitter caps a kernel at 64 distinct ops and emits the single-method form, which this test's shape or method names do not fit
methodByteBudget=0	VarkaEmitterChronoSuite	the guard is emitted only for a column-driven month count, and the literal form's bytes do not move	fails	needs the byte budget; with it off the emitter caps a kernel at 64 distinct ops and emits the single-method form, which this test's shape or method names do not fit
methodByteBudget=0	VarkaEmitterContractSuite	IR outside the emitter's shape is rejected with a reason, not emitted wrong	fails	needs the byte budget; with it off the emitter caps a kernel at 64 distinct ops and emits the single-method form, which this test's shape or method names do not fit
methodByteBudget=0	VarkaEmitterContractSuite	telemetry: the emitted lines index the IR nodes the debug attribute records	fails	needs the byte budget; with it off the emitter caps a kernel at 64 distinct ops and emits the single-method form, which this test's shape or method names do not fit
methodByteBudget=0	VarkaEmitterDriverTableSuite	two hundred greatest entries answer from a table as the reference evaluator does	fails	needs the byte budget; with it off the emitter caps a kernel at 64 distinct ops and emits the single-method form, which this test's shape or method names do not fit
methodByteBudget=0	VarkaEmitterSplitDriverSuite	three hundred groups decline on the driver, and under the option emit in one rebuild with every method under the budget	fails	needs the byte budget; with it off the emitter caps a kernel at 64 distinct ops and emits the single-method form, which this test's shape or method names do not fit
methodByteBudget=0	VarkaEmitterSplitDriverSuite	a driver past the class-file cap is split into stages under the byte budget in one rebuild	fails	needs the byte budget; with it off the emitter caps a kernel at 64 distinct ops and emits the single-method form, which this test's shape or method names do not fit
methodByteBudget=0	VarkaEmitterSplitDriverSuite	a split driver answers as the reference evaluator does, on both bodies	fails	needs the byte budget; with it off the emitter caps a kernel at 64 distinct ops and emits the single-method form, which this test's shape or method names do not fit
methodByteBudget=0	VarkaEmitterValiditySuite	the masked path's bytes do not move, and the dense path's shrink	fails	needs the byte budget; with it off the emitter caps a kernel at 64 distinct ops and emits the single-method form, which this test's shape or method names do not fit
methodByteBudget=0	VarkaExactGroupingSuite	where the greedy partition is already the best the exact grouping emits the same class, byte for byte	fails	needs the byte budget; with it off the emitter caps a kernel at 64 distinct ops and emits the single-method form, which this test's shape or method names do not fit
methodByteBudget=0	VarkaExactGroupingSuite	the mixed family answers as the reference evaluator does under the exact grouping	fails	needs the byte budget; with it off the emitter caps a kernel at 64 distinct ops and emits the single-method form, which this test's shape or method names do not fit
methodByteBudget=0	VarkaGroupingBoundSuite	under the exact grouping no shape declines, and none falls back to the greedy grouping	fails	needs the byte budget; with it off the emitter caps a kernel at 64 distinct ops and emits the single-method form, which this test's shape or method names do not fit
methodByteBudget=0	VarkaIrFuzzSuite	wide compositions past the driver's ceiling match the reference evaluator, and reach every size mechanism (seed 20260903, 10 compositions)	fails	needs the byte budget; with it off the emitter caps a kernel at 64 distinct ops and emits the single-method form, which this test's shape or method names do not fit
methodByteBudget=0	VarkaKernelPlanSuite	a planned build the measurement finds over a limit is corrected once, and the correction is named	fails	needs the byte budget; with it off the emitter caps a kernel at 64 distinct ops and emits the single-method form, which this test's shape or method names do not fit
methodByteBudget=0	VarkaUnreadLocalsSuite	every shared slot of every loop and epilogue method in the cost corpus is read	fails	needs the byte budget; with it off the emitter caps a kernel at 64 distinct ops and emits the single-method form, which this test's shape or method names do not fit
methodByteBudget=0	VarkaCodegenGiveUpSuite	G15: the splitter counts source characters, and a character is not a byte	fails	needs the byte budget; with it off the emitter caps a kernel at 64 distinct ops and emits the single-method form, which this test's shape or method names do not fit
methodByteBudget=0	VarkaKernelEvaluatorSuite	under severalKernels a projection past one kernel assembles every kernel's columns in order, and release closes each of them	fails	needs the byte budget; with it off the emitter caps a kernel at 64 distinct ops and emits the single-method form, which this test's shape or method names do not fit
methodByteBudget=0	VarkaProjectExecSuite	an entry the emitter declines in bytes is residual in the plan, and no task fails to emit (VARKA-169)	fails	needs the byte budget; with it off the emitter caps a kernel at 64 distinct ops and emits the single-method form, which this test's shape or method names do not fit
methodByteBudget=0	VarkaSeveralKernelsSuite	under the defaults eight hundred greatest entries over one column and a date_add over each of the other sixty-nine answer from two kernels, the first with a split driver	fails	needs the byte budget; with it off the emitter caps a kernel at 64 distinct ops and emits the single-method form, which this test's shape or method names do not fit
methodByteBudget=0	VarkaSplitConditionSuite	modified-q3's ranges, split into partial disjunctions, select what the row engine does	fails	needs the byte budget; with it off the emitter caps a kernel at 64 distinct ops and emits the single-method form, which this test's shape or method names do not fit
methodByteBudget=0	VarkaSplitConditionSuite	a disjunction over two columns, which is no range set	fails	needs the byte budget; with it off the emitter caps a kernel at 64 distinct ops and emits the single-method form, which this test's shape or method names do not fit
driverOutputTable=false	VarkaExpressionCompilerSuite	under severalKernels a projection over more columns than a kernel reads is served by two kernels, and an entry no kernel serves keeps its own reason	fails	the unrolled driver, the reference form, is too large for this test's wide shape, which declines on the driver's size by design
driverOutputTable=false	VarkaEmitterSplitDriverSuite	three hundred groups decline on the driver, and under the option emit in one rebuild with every method under the budget	fails	the unrolled driver, the reference form, is too large for this test's wide shape, which declines on the driver's size by design
driverOutputTable=false	VarkaEmitterSplitDriverSuite	under a tight budget a stage over it is halved until every method fits	fails	the unrolled driver, the reference form, is too large for this test's wide shape, which declines on the driver's size by design
driverOutputTable=false	VarkaEmitterSplitDriverSuite	a driver past the class-file cap is split into stages under the byte budget in one rebuild	fails	the unrolled driver, the reference form, is too large for this test's wide shape, which declines on the driver's size by design
driverOutputTable=false	VarkaEmitterSplitDriverSuite	a split driver answers as the reference evaluator does, on both bodies	fails	the unrolled driver, the reference form, is too large for this test's wide shape, which declines on the driver's size by design
driverOutputTable=false	VarkaExactGroupingSuite	the mixed family answers as the reference evaluator does under the exact grouping	fails	the unrolled driver, the reference form, is too large for this test's wide shape, which declines on the driver's size by design
driverOutputTable=false	VarkaGroupingBoundSuite	under the exact grouping no shape declines, and none falls back to the greedy grouping	fails	the unrolled driver, the reference form, is too large for this test's wide shape, which declines on the driver's size by design
driverOutputTable=false	VarkaIrFuzzSuite	wide compositions past the driver's ceiling match the reference evaluator, and reach every size mechanism (seed 20260903, 10 compositions)	fails	the unrolled driver, the reference form, is too large for this test's wide shape, which declines on the driver's size by design
driverOutputTable=false	VarkaKernelPlanSuite	a planned build the measurement finds over a limit is corrected once, and the correction is named	fails	the unrolled driver, the reference form, is too large for this test's wide shape, which declines on the driver's size by design
driverOutputTable=false	VarkaUnreadLocalsSuite	every shared slot of every loop and epilogue method in the cost corpus is read	fails	the unrolled driver, the reference form, is too large for this test's wide shape, which declines on the driver's size by design
driverOutputTable=false	VarkaSeveralKernelsSuite	under the defaults eight hundred greatest entries over one column and a date_add over each of the other sixty-nine answer from two kernels, the first with a split driver	fails	the unrolled driver, the reference form, is too large for this test's wide shape, which declines on the driver's size by design
splitDriver=false	VarkaEmitterBudgetSuite	a shape still over the byte budget when no split is left declines with a reason that names the method, the bytes, the budget and the outputs (VARKA-87, step 5)	fails	without the split driver, the reference form, this test's wide shape is over the driver's ceiling and declines by design
splitDriver=false	VarkaIrFuzzSuite	wide compositions past the driver's ceiling match the reference evaluator, and reach every size mechanism (seed 20260903, 10 compositions)	fails	without the split driver, the reference form, this test's wide shape is over the driver's ceiling and declines by design
splitDriver=false	VarkaKernelPlanSuite	a planned build the measurement finds over a limit is corrected once, and the correction is named	fails	without the split driver, the reference form, this test's wide shape is over the driver's ceiling and declines by design
splitDriver=false	VarkaSeveralKernelsSuite	under the defaults eight hundred greatest entries over one column and a date_add over each of the other sixty-nine answer from two kernels, the first with a split driver	fails	without the split driver, the reference form, this test's wide shape is over the driver's ceiling and declines by design
severalKernels=false	VarkaCoverageCompositionFuzzSuite	random projections over more columns than a kernel reads are fused or declined, and their kernels answer as the reference evaluator does	fails	with one kernel, the reference form, a projection over more columns than a kernel reads declines by design
severalKernels=false	VarkaSeveralKernelsSuite	under the defaults eight hundred greatest entries over one column and a date_add over each of the other sixty-nine answer from two kernels, the first with a split driver	fails	with one kernel, the reference form, a projection over more columns than a kernel reads declines by design
splitConditions=false	VarkaExpressionCompilerSuite	a filter whose folded condition is over the budget demotes its last-admitted conjunct (VARKA-169)	fails	without split conditions, the reference form, this filter's folded condition stays whole and over the budget
